DATE,MAX_TEMPERATURE_C,MIN_TEMPERATURE_C,WINDSPEED_MAX_KMH,TEMPERATURE_MORNING_C,TEMPERATURE_NOON_C,TEMPERATURE_EVENING_C,PRECIP_TOTAL_DAY_MM,HUMIDITY_MAX_PERCENT,VISIBILITY_AVG_KM,PRESSURE_MAX_MB,CLOUDCOVER_AVG_PERCENT,HEATINDEX_MAX_C,DEWPOINT_MAX_C,WINDTEMP_MAX_C,WEATHER_CODE_MORNING,WEATHER_CODE_NOON,WEATHER_CODE_EVENING,TOTAL_SNOW_MM,UV_INDEX,SUNHOUR,OPINION
2018-01-01,8,4,28,4,7,6,4.2,81,8.5,1020,66.625,8,5,2,116,122,119,0,2,3.3,météo très défavorable
2018-01-02,7,3,13,4,7,6,1.5,85,8.875,1024,88.375,7,4,3,122,122,122,0,2,3.3,météo très défavorable
2018-01-03,12,7,19,11,12,8,5.5,90,9.375,1019,78,12,8,7,200,116,122,0,2,5.1,météo défavorable
2018-01-04,13,7,13,9,13,11,5.8,86,8.5,1016,88.75,13,9,10,122,122,119,0,3,3.3,météo défavorable
2018-01-05,13,9,21,10,13,10,1.8,85,8.25,1011,62,13,9,9,122,113,116,0,3,8.7,météo correcte
2018-01-06,12,8,27,8,12,8,0.5,88,9.375,1009,63.375,12,7,7,119,113,122,0,3,6.9,météo défavorable
2018-01-07,8,4,7,4,8,5,0,89,10,1015,60,9,5,5,113,119,122,0,3,3.3,météo très défavorable
2018-01-08,7,3,6,3,7,4,0.2,88,9,1015,78.875,8,4,4,122,116,119,0,1,6.9,météo très défavorable
2018-01-09,8,4,25,4,7,7,4.6,97,6,1016,77.25,8,5,3,143,122,116,0,2,5.1,météo très défavorable
2018-01-10,9,5,17,6,9,6,2.2,90,9.75,1016,77.625,9,5,4,122,122,119,0,2,3.4,météo très défavorable
2018-01-11,8,2,14,2,8,5,0.3,95,8,1020,57,8,5,2,122,116,143,0,2,8.7,météo très défavorable
2018-01-12,5,4,14,4,5,4,0.4,93,8,1025,93.75,5,4,1,122,122,122,0,1,3.4,météo très défavorable
2018-01-13,8,1,13,1,7,4,0,88,7,1025,36.625,8,3,1,143,113,113,0,1,8.7,météo très défavorable
2018-01-14,7,2,9,2,6,3,0.3,76,9,1023,60.125,7,1,2,122,119,116,0,2,6.9,météo très défavorable
2018-01-15,8,0,26,0,8,6,3,81,9.625,1024,55.5,8,3,1,116,119,122,0,2,3.4,météo très défavorable
2018-01-16,9,7,19,7,9,9,4.8,88,8.75,1014,76.375,9,7,5,122,116,119,0,2,3.4,météo défavorable
2018-01-17,8,2,25,4,6,2,2.2,80,10,1024,46,8,6,0,116,116,116,0,1,8.7,météo très défavorable
2018-01-18,9,1,19,4,9,8,2.4,81,8,1024,71.75,9,5,2,119,122,119,0,3,3.4,météo très défavorable
2018-01-19,8,3,6,6,8,5,1.5,86,9.75,1020,52.375,9,6,4,116,119,119,0,3,5.2,météo très défavorable
2018-01-20,8,1,24,2,4,6,5.8,90,8.625,1021,83.375,8,7,-1,122,122,122,0,2,3.4,météo très défavorable
2018-01-21,8,5,8,6,7,5,5.6,95,9.375,1019,94,9,7,5,122,122,122,0,2,3.4,météo très défavorable
2018-01-22,12,8,11,9,12,10,8.3,91,9.125,1022,82.375,12,9,9,122,119,119,0,2,5.2,météo défavorable
2018-01-23,10,4,8,4,10,6,0,87,10,1030,36.875,11,7,7,113,113,116,0,2,8.7,météo très défavorable
2018-01-24,12,4,25,4,12,8,0,84,10,1030,20.75,12,6,5,116,113,113,0,2,8.7,météo très défavorable
2018-01-25,12,7,34,7,12,10,0.1,76,10,1024,61,12,6,6,116,122,122,0,3,3.5,météo défavorable
2018-01-26,9,4,13,4,5,4,20.7,93,8.5,1024,100,9,6,1,122,122,122,0,2,3.5,météo très défavorable
2018-01-27,6,4,11,4,6,5,5,94,8.625,1038,85.875,7,4,2,143,119,119,0,1,3.5,météo très défavorable
2018-01-28,8,1,6,1,7,5,0,90,8,1040,41.75,9,3,4,143,113,116,0,1,8.7,météo très défavorable
2018-01-29,9,4,7,4,8,6,0.1,90,8,1039,73.625,10,6,6,143,116,119,0,2,5.2,météo très défavorable
2018-01-30,8,5,9,5,7,6,0.2,92,7.75,1034,83,8,6,4,248,122,119,0,2,3.5,météo très défavorable
2018-01-31,11,2,18,2,9,6,0.3,85,7,1029,26.75,11,5,3,143,113,113,0,3,8.7,météo très défavorable
2018-02-01,6,3,10,5,6,3,8.5,84,9.5,1012,75.625,7,4,3,122,116,116,0,1,8.7,météo très défavorable
2018-02-02,5,-0,17,-0,5,1,0,87,8,1012,47.875,5,0,-2,143,116,116,0,2,8.7,météo très défavorable
2018-02-03,4,-1,14,1,4,0,0.9,86,8.625,1011,78.875,4,0,-2,122,119,116,0.6,1,6.5,météo très défavorable
2018-02-04,5,-1,8,-1,4,1,0.1,85,10,1018,49.125,5,0,-0,116,119,116,0,2,8.3,météo très défavorable
2018-02-05,1,-1,7,-1,0,-1,3.6,98,4.75,1018,100,1,0,-2,143,122,260,1.9,1,5,météo très défavorable
2018-02-06,6,-1,12,-1,6,1,1.2,91,7,1014,92.375,6,1,-2,119,122,122,0.4,1,5,météo très défavorable
2018-02-07,1,-2,18,-1,1,-1,0.4,76,8.375,1017,79.5,1,0,-6,119,122,122,0.3,2,6.7,météo très défavorable
2018-02-08,3,-2,17,-1,2,-0,0.2,83,8.75,1021,88.5,3,0,-5,122,119,119,0.3,1,5,météo très défavorable
2018-02-09,5,-1,4,-1,4,2,1.3,78,9,1020,67.5,6,0,1,119,116,122,1.1,1,10,météo très défavorable
2018-02-10,2,-3,17,-2,2,-1,0.7,91,8,1021,68.5,2,0,-5,119,122,116,0.6,1,8.4,météo très défavorable
2018-02-11,5,-2,9,-0,2,3,1.7,95,6.875,1020,76,5,3,-2,119,122,143,0,2,5.3,météo très défavorable
2018-02-12,3,-2,19,-1,3,-1,1.2,85,8.75,1022,32.875,3,1,-4,143,113,113,0,1,10.6,météo très défavorable
2018-02-13,4,-4,14,-4,3,1,1.9,73,9,1021,40.75,4,0,-3,113,113,122,1.6,2,8.4,météo très défavorable
2018-02-14,4,-1,5,-1,3,0,2,93,7.875,1018,69.875,4,2,-1,143,116,122,1.7,1,8.5,météo très défavorable
2018-02-15,11,2,14,2,8,6,4.1,93,9.5,1024,89.5,11,8,1,122,122,119,0,2,5.3,météo très défavorable
2018-02-16,9,5,9,7,9,6,1.7,95,6.875,1025,82.375,9,8,6,143,122,143,0,2,6.9,météo très défavorable
2018-02-17,9,4,15,7,9,6,4.3,92,8.875,1024,82.25,9,8,4,116,122,119,0,2,5.4,météo très défavorable
2018-02-18,5,-0,17,0,5,1,0,84,9,1025,31.875,5,1,-2,143,116,113,0,2,10.7,météo très défavorable
2018-02-19,6,-2,9,-2,5,1,0,71,10,1022,40.125,6,0,-1,116,116,122,0,2,8.5,météo très défavorable
2018-02-20,6,-1,22,-0,5,1,0,68,10,1016,37.625,6,0,-4,116,113,113,0,1,10.8,météo très défavorable
2018-02-21,4,-3,24,-3,4,1,0,62,10,1016,33.25,4,0,-5,113,116,116,0,2,10.1,météo très défavorable
2018-02-22,3,-3,20,-2,2,-1,0.1,70,9.375,1012,59.75,3,0,-5,122,119,116,0.1,2,8.5,météo très défavorable
2018-02-23,4,-4,13,-4,3,-2,0,76,10,1012,54.375,4,0,-5,116,122,113,0,2,7,météo très défavorable
2018-02-24,4,-3,10,-3,3,-1,0,69,10,1013,21,4,0,-3,113,113,113,0,2,10.9,météo très défavorable
2018-02-25,3,-4,21,-4,2,-2,0,70,10,1017,17,4,0,-7,116,116,113,0,2,11,météo très défavorable
2018-02-26,-1,-6,30,-6,-2,-5,0,39,10,1017,5.875,0,0,-12,113,113,113,0,2,11,météo très défavorable
2018-02-27,-3,-9,18,-9,-4,-6,0,40,10,1016,10.25,0,0,-13,113,113,113,0,2,11,météo très défavorable
2018-02-28,-0,-9,11,-9,-2,-2,0.6,69,8.375,1016,54.625,0,0,-8,116,122,122,0.5,2,7,météo très défavorable
2018-03-01,7,-1,14,-0,5,2,5.2,98,4.875,1002,80.75,7,6,-2,260,248,119,4.1,1,7.1,météo très défavorable
2018-03-02,9,2,12,2,7,4,7.3,92,7.625,999,63.75,9,4,1,143,122,113,0,1,8.6,météo très défavorable
2018-03-03,11,2,8,2,9,6,4.4,91,9.375,1003,59.375,12,6,3,122,119,113,0,1,8.6,météo très défavorable
2018-03-04,13,1,29,1,13,7,1.5,96,8.25,1003,54,13,7,5,113,119,143,0,3,7.1,météo très défavorable
2018-03-05,12,4,13,4,11,7,0.6,87,6.375,1001,74,12,6,5,248,122,116,0,2,8.6,météo très défavorable
2018-03-06,11,5,7,5,11,6,2.2,85,7.75,997,56,12,6,5,119,116,116,0,2,10.1,météo très défavorable
2018-03-07,10,2,15,2,10,5,1.7,78,9.75,1010,39.5,10,2,4,116,200,113,0,3,10.1,météo très défavorable
2018-03-08,12,1,27,1,11,8,0,69,10,1012,15.875,12,4,5,113,113,113,0,3,11.3,météo très défavorable
2018-03-09,14,5,30,6,14,10,0,77,10,1013,53.375,14,7,7,116,116,116,0,2,11.3,météo correcte
2018-03-10,16,8,33,8,15,12,3.5,79,9.75,1009,51.125,16,9,8,122,113,113,0,3,11.4,météo correcte
2018-03-11,15,9,25,10,15,10,4.8,80,8.375,1002,43.5,15,10,9,200,116,113,0,4,11.4,météo correcte
2018-03-12,13,6,18,7,13,8,3.4,79,8.25,1010,72,13,7,6,116,122,116,0,2,7.3,météo défavorable
2018-03-13,10,4,8,5,9,6,3,85,9.75,1017,61.625,11,5,5,122,122,113,0,3,8.8,météo très défavorable
2018-03-14,13,1,19,1,12,9,0,76,10,1017,13.25,13,5,6,113,113,113,0,3,11.6,météo très défavorable
2018-03-15,9,4,14,8,6,4,5,90,9.75,1002,67,9,6,3,122,122,113,0,3,8.8,météo très défavorable
2018-03-16,13,3,7,3,13,7,3.3,88,9.25,1005,55.375,14,6,8,116,113,122,0,3,8.8,météo correcte
2018-03-17,9,3,13,5,7,5,3.6,88,7.625,1003,68.75,9,5,3,143,119,113,0,2,8.8,météo très défavorable
2018-03-18,7,2,18,2,7,3,0.3,84,7,1005,73.75,7,3,1,143,119,122,0,1,6,météo très défavorable
2018-03-19,8,-2,14,-2,7,2,0,74,8,1007,20.75,9,0,-1,116,113,113,0,1,11.6,météo très défavorable
2018-03-20,5,-2,32,-2,4,1,0.1,71,9.375,1020,56.625,5,0,-6,122,119,116,0.1,1,8.8,météo très défavorable
2018-03-21,6,-2,33,-2,5,2,0,57,10,1026,11.375,6,0,-3,113,113,116,0,2,11.6,météo très défavorable
2018-03-22,7,-3,23,-3,6,3,0,75,10,1026,33,7,0,-2,113,113,116,0,2,11.6,météo très défavorable
2018-03-23,9,1,14,2,7,4,0.3,90,8.875,1017,59.625,9,3,0,122,116,113,0,1,10.2,météo très défavorable
2018-03-24,13,0,13,1,12,8,0,75,7,1003,32.625,13,4,7,143,113,116,0,2,11.6,météo très défavorable
2018-03-25,12,3,13,3,12,8,0.6,77,9.75,1011,41.375,12,5,7,119,116,116,0,3,11.6,météo très défavorable
2018-03-26,10,3,18,4,10,7,1.6,88,6.875,1019,62.375,10,6,4,143,122,122,0,2,7.7,météo très défavorable
2018-03-27,10,2,12,4,10,7,2.7,90,6.25,1020,74.625,10,6,4,122,122,122,0,2,7.7,météo très défavorable
2018-03-28,15,7,18,7,14,11,7.9,93,6.875,1016,85.25,15,9,8,143,293,122,0,3,9,météo défavorable
2018-03-29,12,6,6,6,12,9,1.2,69,9.875,1010,44.75,13,8,8,116,119,116,0,3,10.3,météo défavorable
2018-03-30,10,4,28,5,9,6,2.7,86,9.875,1007,38.375,10,6,4,116,122,113,0,3,10.3,météo très défavorable
2018-03-31,12,2,17,2,12,6,0.7,82,9.25,1009,33.875,13,4,3,113,113,119,0,3,10.3,météo très défavorable
2018-04-01,12,3,10,4,11,6,0.1,64,10,1017,34.5,12,2,6,116,116,113,0,3,11.6,météo très défavorable
2018-04-02,14,3,33,4,13,11,0,55,10,1016,84.875,14,5,8,119,122,122,0,3,6.5,météo très défavorable
2018-04-03,17,8,33,9,16,13,0,66,10,1010,32.5,17,7,11,113,122,113,0,4,10.3,météo correcte
2018-04-04,15,8,23,11,13,11,4.5,81,9.125,1013,40.25,16,9,9,200,200,113,0,4,10.3,météo correcte
2018-04-05,13,6,9,7,13,9,0.4,74,9.875,1020,34.875,14,6,9,116,119,113,0,3,10.3,météo correcte
2018-04-06,18,4,26,5,17,13,0,67,10,1019,7,18,8,11,113,113,113,0,4,11.6,météo favorable
2018-04-07,18,9,22,9,18,14,0,59,10,1014,33,18,7,11,116,116,116,0,4,11.6,météo favorable
2018-04-08,17,9,11,10,17,13,2.1,87,9.875,1010,39.875,18,12,14,113,119,200,0,4,10.3,météo correcte
2018-04-09,15,9,18,11,15,11,4.4,83,9,1008,65.75,15,11,10,143,122,113,0,3,9.1,météo défavorable
2018-04-10,14,7,32,7,14,10,0.3,73,9,1006,45,14,5,7,122,113,116,0,4,11.6,météo correcte
2018-04-11,14,6,8,7,13,10,0.6,80,9.375,1006,65.375,15,7,10,122,116,122,0,3,9.1,météo défavorable
2018-04-12,13,7,10,7,13,9,2.8,78,9.625,1005,62.625,14,7,9,116,122,200,0,2,9.1,météo correcte
2018-04-13,15,4,23,6,15,11,0.1,73,10,1016,47.25,15,7,10,116,116,122,0,3,10.4,météo correcte
2018-04-14,15,8,8,9,14,11,1.7,87,7,1019,87.25,16,10,11,122,119,122,0,3,8,météo défavorable
2018-04-15,18,8,10,9,16,14,0.1,79,10,1018,41.625,19,10,14,119,113,113,0,3,11.6,météo favorable
2018-04-16,18,8,18,9,17,13,0.1,74,8,1020,29.75,18,10,12,143,116,113,0,4,11.6,météo favorable
2018-04-17,20,7,11,8,19,16,0,77,9,1026,7.375,24,13,15,113,113,113,0,4,11.6,météo favorable
2018-04-18,23,10,10,12,22,18,0,70,8,1027,4.875,26,16,19,113,113,113,0,4,11.6,météo favorable
2018-04-19,24,12,7,14,24,19,0,65,10,1028,6,27,13,20,113,113,113,0,5,11.6,météo favorable
2018-04-20,25,12,4,14,25,19,0,62,10,1025,5,29,15,22,113,113,113,0,5,11.6,météo favorable
2018-04-21,25,13,7,15,25,20,0.3,65,10,1022,6.75,28,15,21,113,113,113,0,5,11.6,météo favorable
2018-04-22,24,13,17,14,24,19,0.1,58,10,1019,8.25,25,11,19,113,113,113,0,5,11.6,météo favorable
2018-04-23,19,13,14,14,18,16,8,85,9.125,1021,38,19,15,17,116,200,113,0,5,11.6,météo correcte
2018-04-24,22,11,6,12,22,18,0,75,9,1021,19.375,25,14,18,116,113,113,0,5,11.6,météo favorable
2018-04-25,23,12,12,14,23,17,2.1,84,9.875,1019,35.375,25,15,17,113,119,116,0,5,10.5,météo correcte
2018-04-26,16,8,17,10,16,12,0,70,10,1021,51.375,16,9,11,116,116,122,0,4,9.3,météo correcte
2018-04-27,23,5,17,8,21,18,0,65,10,1017,16.75,25,11,14,113,113,116,0,4,11.6,météo favorable
2018-04-28,19,10,9,10,16,13,1.4,86,9,1015,41.25,19,13,12,119,116,200,0,4,11.6,météo favorable
2018-04-29,20,10,35,12,20,10,3.6,92,8.75,1009,35,20,11,7,113,116,122,0,3,10.5,météo favorable
2018-04-30,14,7,24,8,14,11,1.3,73,9.25,1013,30.5,14,6,9,113,113,116,0,4,11.6,météo correcte
2018-05-01,13,6,12,6,11,10,0.7,71,8.75,1015,58,13,6,8,119,116,116,0,3,11.6,météo correcte
2018-05-02,15,3,17,6,15,12,0,69,10,1014,39.25,15,7,11,116,116,116,0,3,11.6,météo correcte
2018-05-03,14,8,27,8,14,12,0.3,74,10,1014,86.5,14,8,10,122,122,122,0,3,8.2,météo défavorable
2018-05-04,18,10,21,11,17,17,0.3,81,9.875,1015,73.125,18,13,10,122,119,119,0,3,7.1,météo défavorable
2018-05-05,22,12,10,13,19,19,2.6,81,8.625,1019,46.75,25,15,16,119,116,113,0,5,10.5,météo favorable
2018-05-06,25,12,13,14,23,20,4.8,84,8.5,1019,27.125,26,17,18,119,113,113,0,4,10.5,météo favorable
2018-05-07,24,14,8,16,24,19,3.4,81,8.875,1017,20.125,26,17,21,116,113,113,0,4,11.6,météo favorable
2018-05-08,23,12,9,14,23,17,3.9,81,8.625,1013,15.125,25,14,18,113,113,113,0,5,11.6,météo favorable
2018-05-09,20,12,19,13,20,16,2.4,82,9.75,1009,44.25,20,14,16,116,200,116,0,5,11.6,météo correcte
2018-05-10,17,10,18,12,15,13,0.9,86,7,1020,57.625,17,12,10,143,116,116,0,3,10.5,météo correcte
2018-05-11,21,7,7,9,19,18,0,71,8,1020,21.25,25,13,15,116,113,113,0,3,14.5,météo favorable
2018-05-12,21,11,23,13,21,17,3.3,72,9.625,1017,19.375,24,12,17,113,113,113,0,5,13.5,météo favorable
2018-05-13,7,6,23,6,6,6,14.7,95,9,1016,99.625,7,6,2,122,122,122,0,2,9.3,météo très défavorable
2018-05-14,11,6,11,7,10,10,4.8,95,7.375,1015,100,12,9,7,143,122,122,0,2,9.3,météo défavorable
2018-05-15,15,9,19,10,14,13,8.3,97,6.375,1016,95.25,15,12,11,143,122,122,0,3,9.4,météo défavorable
2018-05-16,18,10,13,11,16,14,2.4,86,8.875,1017,60.375,18,13,15,122,119,113,0,3,12.4,météo correcte
2018-05-17,17,8,21,10,17,15,1.4,87,6.5,1019,49.5,17,13,13,143,116,113,0,3,14.5,météo correcte
2018-05-18,20,11,15,11,18,17,0.9,83,8.625,1019,43.75,20,14,14,119,113,113,0,4,14.5,météo favorable
2018-05-19,21,9,13,12,20,17,0.1,74,8,1018,11.875,24,13,17,113,113,113,0,3,14.5,météo favorable
2018-05-20,21,9,12,12,20,17,0,75,8,1019,28.125,24,13,16,119,113,113,0,3,14.5,météo favorable
2018-05-21,22,10,7,14,22,18,1.7,74,9.625,1016,29.125,25,14,19,116,113,113,0,5,14.5,météo favorable
2018-05-22,22,11,9,14,22,18,7.1,81,9.375,1016,29,25,15,18,113,113,200,0,5,14.5,météo favorable
2018-05-23,20,11,6,13,19,17,1,79,9.875,1019,41.25,21,14,17,116,122,113,0,5,12.5,météo correcte
2018-05-24,23,11,12,14,23,20,0.6,71,9.875,1020,12.75,25,15,20,113,113,113,0,5,15.2,météo favorable
2018-05-25,25,13,9,16,25,21,0,69,10,1018,11.75,27,16,22,113,113,113,0,5,15.6,météo favorable
2018-05-26,27,16,19,18,24,23,0.1,66,9.5,1018,39.375,28,16,20,116,113,200,0,5,15.6,météo favorable
2018-05-27,26,16,5,18,25,20,0.6,77,9.875,1019,41.75,28,17,21,116,113,116,0,5,15.6,météo favorable
2018-05-28,22,14,10,15,21,18,0.6,80,9.125,1018,40.875,25,15,18,116,113,200,0,5,15.6,météo favorable
2018-05-29,23,13,16,16,22,20,0.9,75,7.75,1018,23.25,25,16,20,113,200,113,0,4,15.7,météo correcte
2018-05-30,21,14,11,16,21,17,1.2,85,9.125,1016,44,25,15,17,116,116,200,0,5,15.7,météo favorable
2018-05-31,23,12,14,15,21,19,1.9,75,9.5,1020,21.5,25,15,19,116,113,113,0,5,15.7,météo favorable
2018-06-01,23,12,8,15,22,20,1.1,72,9.875,1021,21.625,25,15,19,113,113,113,0,5,15.7,météo favorable
2018-06-02,25,12,8,15,23,21,0,68,9,1021,12.75,27,16,21,116,113,113,0,5,15.7,météo favorable
2018-06-03,25,14,13,17,25,19,0.7,77,10,1018,49.5,26,17,19,119,116,119,0,5,14.6,météo favorable
2018-06-04,23,13,6,16,23,20,2.1,81,9.75,1015,36.375,25,17,20,116,116,116,0,5,15.7,météo favorable
2018-06-05,24,13,7,16,24,20,3.4,78,9.875,1012,34,26,17,21,116,113,116,0,5,15.7,météo favorable
2018-06-06,23,13,18,16,23,20,2.2,79,8.75,1016,29.5,25,16,20,116,113,113,0,5,15.8,météo favorable
2018-06-07,23,13,7,16,23,20,4.6,82,9.375,1017,38,25,17,20,119,113,116,0,5,15.8,météo favorable
2018-06-08,23,14,8,16,22,21,4.6,83,9.75,1015,48.375,25,18,19,119,116,113,0,4,15.5,météo favorable
2018-06-09,27,14,8,17,25,23,0.8,67,9,1015,16,28,17,23,113,113,113,0,6,15.8,météo favorable
2018-06-10,26,15,19,18,25,23,1.1,64,9.875,1014,16,27,16,23,113,113,113,0,6,15.8,météo idéale
2018-06-11,22,15,15,17,22,17,10.2,92,9.5,1012,54.875,25,16,17,116,116,122,0,5,15.6,météo correcte
2018-06-12,22,14,12,15,21,17,5.3,87,8.375,1012,67,25,15,18,122,116,119,0,4,14.6,météo défavorable
2018-06-13,18,13,26,13,17,16,2.2,90,7.875,1016,72.125,18,13,12,122,122,116,0,3,13.7,météo défavorable
2018-06-14,21,10,19,12,19,18,0,69,10,1017,27.5,21,12,17,116,113,113,0,5,15.8,météo favorable
2018-06-15,23,12,17,15,22,20,0.1,73,10,1017,47.125,25,15,19,116,116,116,0,4,15.8,météo favorable
2018-06-16,24,13,13,16,24,21,0.7,75,7.5,1018,48.625,26,16,20,119,116,113,0,4,15.6,météo favorable
2018-06-17,21,14,19,16,21,18,0.6,69,10,1023,54,24,15,19,119,119,113,0,5,13.7,météo correcte
2018-06-18,22,11,18,15,22,20,0,71,9,1024,26,25,14,19,116,119,113,0,5,15.8,météo correcte
2018-06-19,26,13,16,16,25,23,0,70,8,1025,15,27,18,21,116,113,113,0,4,15.8,météo favorable
2018-06-20,29,18,4,18,28,25,0.1,81,7.5,1022,40.375,35,21,21,119,113,113,0,5,15.8,météo favorable
2018-06-21,29,17,15,21,28,24,0.3,71,9.875,1020,16.875,30,19,24,113,113,113,0,6,15.8,météo idéale
2018-06-22,20,11,29,11,19,17,0,60,10,1024,17.875,20,13,16,113,113,113,0,4,15.8,météo favorable
2018-06-23,22,10,20,12,21,19,0,62,10,1024,14.25,24,11,17,113,113,122,0,5,15.8,météo favorable
2018-06-24,23,12,20,13,22,19,0,61,10,1021,26.625,25,12,19,119,113,113,0,5,15.8,météo favorable
2018-06-25,24,12,22,14,23,21,0,63,9,1021,13,25,14,20,113,113,113,0,5,15.8,météo favorable
2018-06-26,26,12,15,15,25,23,0,60,9,1021,10.875,26,16,23,116,113,113,0,5,15.8,météo favorable
2018-06-27,27,15,20,17,26,24,0,62,9,1020,10.875,27,17,23,116,113,113,0,6,15.8,météo idéale
2018-06-28,27,14,20,17,25,23,0,53,10,1016,4.625,26,15,22,113,113,113,0,6,15.8,météo favorable
2018-06-29,27,13,4,17,26,24,0,54,10,1014,7.75,28,15,23,113,113,113,0,6,15.8,météo favorable
2018-06-30,31,15,6,20,30,27,0,52,10,1014,4,34,17,28,113,113,113,0,6,15.8,météo idéale
2018-07-01,33,17,14,21,32,27,0,44,10,1012,0.5,33,18,29,113,113,113,0,6,15.8,météo idéale
2018-07-02,31,17,11,20,31,26,1.2,56,10,1015,7,32,18,27,113,113,113,0,6,15.8,météo idéale
2018-07-03,30,18,7,20,29,25,3.4,64,9.75,1018,14.875,31,20,25,113,113,200,0,6,15.8,météo favorable
2018-07-04,31,17,11,20,30,25,3.8,55,9.625,1018,11.5,31,18,25,113,113,113,0,6,15.8,météo favorable
2018-07-05,23,16,14,18,23,20,2.2,71,9.75,1020,50.125,25,16,20,116,116,116,0,4,15.8,météo favorable
2018-07-06,25,15,20,17,24,22,0.7,76,9.875,1022,41.375,26,15,20,116,113,113,0,4,15.8,météo favorable
2018-07-07,28,15,21,18,27,25,0,54,9,1022,12.625,28,15,24,113,113,113,0,6,15.7,météo idéale
2018-07-08,27,17,22,18,27,24,0,54,10,1021,6.625,27,15,24,113,113,113,0,6,15.7,météo idéale
2018-07-09,28,16,19,18,27,24,0,53,9,1021,6.625,27,16,24,113,113,113,0,6,15.3,météo idéale
2018-07-10,26,16,21,18,26,23,0.1,54,10,1019,11.375,26,16,23,113,113,113,0,6,14.5,météo idéale
2018-07-11,24,12,20,14,22,20,0,57,10,1018,15.5,25,13,19,116,113,113,0,5,14.5,météo favorable
2018-07-12,25,12,10,15,24,23,0,54,9,1019,21,26,13,21,116,113,113,0,5,13.5,météo favorable
2018-07-13,30,13,4,18,29,26,0,51,10,1020,15.5,30,15,26,113,113,116,0,6,14.5,météo favorable
2018-07-14,32,16,6,20,31,25,2.6,59,9.5,1020,15.25,33,17,26,113,113,200,0,6,14.5,météo idéale
2018-07-15,30,16,8,19,30,24,2,57,9.75,1018,18.75,32,17,25,113,113,200,0,6,14.5,météo idéale
2018-07-16,29,16,19,18,28,25,1,56,9.875,1016,12.125,28,16,24,113,113,113,0,6,14.5,météo idéale
2018-07-17,28,16,15,19,28,25,0.9,57,9.875,1019,12.875,28,16,24,113,113,113,0,6,14.5,météo idéale
2018-07-18,29,15,10,18,28,26,0,50,10,1019,5.875,30,14,26,113,113,113,0,6,14.5,météo idéale
2018-07-19,31,17,10,20,30,27,0.3,50,10,1017,6,31,16,27,113,113,113,0,6,14.5,météo idéale
2018-07-20,30,17,8,21,30,21,7.7,71,9.75,1016,19.625,31,16,22,113,113,116,0,6,14.5,météo favorable
2018-07-21,24,16,13,17,23,22,4.2,72,9.625,1016,60,25,16,21,119,119,116,0,4,13.5,météo correcte
2018-07-22,26,14,20,17,26,24,0.2,57,9.875,1017,27.5,26,14,23,116,116,113,0,6,14.5,météo favorable
2018-07-23,29,15,20,18,28,26,0,48,10,1017,10.125,29,14,25,113,113,113,0,6,14.5,météo idéale
2018-07-24,31,16,4,20,31,27,0.2,48,9.875,1016,17,32,17,27,113,113,116,0,6,14.5,météo idéale
2018-07-25,32,18,16,21,31,28,0.2,45,10,1016,14.625,31,16,28,113,113,113,0,7,14.5,météo idéale
2018-07-26,33,19,8,21,32,29,0.9,50,9.875,1015,4.75,34,18,30,113,113,113,0,7,14.5,météo idéale
2018-07-27,34,19,7,22,34,30,0,40,10,1014,11.5,35,16,30,113,113,113,0,7,14.5,météo favorable
2018-07-28,26,19,13,21,23,23,7.8,85,9.5,1017,34.75,27,19,22,200,119,113,0,6,13.5,météo correcte
2018-07-29,31,16,6,19,29,27,0,52,10,1017,4.625,34,18,29,113,113,113,0,6,14.5,météo idéale
2018-07-30,32,18,10,20,30,28,0,51,10,1018,7.125,34,17,27,113,113,113,0,6,14.5,météo idéale
2018-07-31,34,19,11,22,32,29,0,44,10,1019,6.25,34,16,29,113,113,113,0,7,14.5,météo idéale
2018-08-01,32,19,13,21,30,28,0.1,64,10,1020,17.5,34,19,26,116,113,113,0,6,14.5,météo idéale
2018-08-02,32,18,17,20,30,29,0,55,10,1021,7,32,19,27,113,113,113,0,6,14.5,météo idéale
2018-08-03,34,20,10,22,32,30,0,52,10,1020,4.875,36,19,30,113,113,113,0,7,14.5,météo favorable
2018-08-04,35,21,21,24,34,31,0,47,10,1019,8.75,35,19,31,113,113,113,0,7,14.5,météo favorable
2018-08-05,34,21,14,23,33,30,0,44,10,1019,7,35,17,29,113,113,113,0,7,14.5,météo favorable
2018-08-06,35,21,11,23,33,29,1.8,53,9.5,1018,16.5,35,19,30,113,113,200,0,7,14.5,météo favorable
2018-08-07,34,20,24,22,33,30,0.7,44,10,1016,11.875,33,18,29,116,113,113,0,7,14.5,météo idéale
2018-08-08,30,20,10,21,29,26,9.9,68,9.25,1016,19.625,31,20,26,200,113,113,0,6,14.5,météo correcte
2018-08-09,25,17,29,22,23,20,4.9,74,9.375,1023,31,27,18,21,119,116,113,0,6,11.6,météo favorable
2018-08-10,25,14,8,15,24,21,0,54,10,1025,17.125,26,13,22,116,113,113,0,5,11.6,météo favorable
2018-08-11,26,13,14,15,24,21,0,50,10,1026,3.75,25,12,22,113,113,113,0,5,11.6,météo favorable
2018-08-12,31,13,20,16,29,27,0,48,10,1021,6.75,30,14,24,113,113,113,0,6,11.6,météo favorable
2018-08-13,26,17,12,19,25,21,7.2,67,9.25,1016,41.875,27,17,22,116,116,116,0,6,11.6,météo favorable
2018-08-14,25,16,21,17,23,21,1.2,72,9.875,1020,59.625,26,15,20,116,116,116,0,4,11.6,météo correcte
2018-08-15,27,14,17,16,26,23,0,58,10,1021,7.125,27,15,22,113,113,113,0,6,11.6,météo favorable
2018-08-16,31,16,9,17,29,25,0.1,56,10,1019,4,31,18,26,113,113,113,0,6,11.6,météo idéale
2018-08-17,23,17,19,18,23,20,5.8,77,9.125,1021,30,25,17,21,113,200,116,0,5,11.6,météo correcte
2018-08-18,26,16,19,16,25,22,0.1,61,10,1023,46,26,15,21,119,116,116,0,6,11.6,météo favorable
2018-08-19,28,15,14,16,27,23,0,50,10,1023,10.875,28,13,23,113,113,113,0,6,11.6,météo idéale
2018-08-20,29,15,17,17,28,24,0,54,10,1022,4.5,28,15,25,113,113,113,0,6,11.6,météo idéale
2018-08-21,30,17,12,19,28,25,0,68,9,1020,17,30,18,24,119,113,113,0,6,11.6,météo idéale
2018-08-22,32,18,4,20,32,26,1.9,61,9.875,1019,10.5,35,20,27,113,113,116,0,6,11.6,météo favorable
2018-08-23,31,18,12,19,31,25,7.2,50,9.625,1018,23.375,32,17,25,113,113,116,0,6,11.6,météo favorable
2018-08-24,24,15,18,17,24,19,1,68,9.75,1017,30,25,16,19,116,116,113,0,5,11.6,météo favorable
2018-08-25,19,11,14,13,18,15,0.1,61,10,1018,31,19,9,16,116,116,113,0,4,11.6,météo favorable
2018-08-26,21,8,15,10,20,16,0,48,10,1019,6.25,23,8,16,113,113,113,0,4,11.6,météo favorable
2018-08-27,27,11,9,13,26,22,0,61,10,1019,14.75,27,15,22,113,113,116,0,5,11.6,météo favorable
2018-08-28,29,16,7,17,28,24,0,61,10,1019,7.625,32,18,26,113,113,113,0,6,11.6,météo idéale
2018-08-29,27,17,13,19,27,21,2.4,69,9.75,1021,38.375,28,16,22,116,116,116,0,6,11.6,météo favorable
2018-08-30,21,13,16,14,20,17,0,64,9,1022,39.875,21,13,17,116,116,116,0,5,11.6,météo favorable
2018-08-31,22,12,19,13,22,17,0,63,10,1022,28.5,24,11,17,113,116,113,0,4,11.6,météo favorable
2018-09-01,22,10,24,11,21,18,0,55,10,1022,17.875,24,10,17,113,116,113,0,5,11.6,météo favorable
2018-09-02,22,10,17,11,22,18,0,62,10,1022,22.375,24,11,17,113,113,116,0,5,11.6,météo favorable
2018-09-03,23,11,11,13,22,19,0,62,10,1018,22.75,25,12,19,113,113,116,0,5,11.6,météo favorable
2018-09-04,25,12,9,14,24,20,0,62,10,1017,15.25,26,13,20,116,113,113,0,5,11.6,météo favorable
2018-09-05,28,13,4,15,27,22,0.6,54,9.875,1017,16.625,28,14,23,113,113,116,0,6,11.6,météo favorable
2018-09-06,22,15,8,16,21,17,6.7,89,9.5,1015,55.25,25,16,17,116,116,122,0,5,7.8,météo correcte
2018-09-07,23,13,16,14,23,18,0.2,77,6.875,1020,27.75,25,15,18,143,113,113,0,4,11.6,météo favorable
2018-09-08,24,11,8,12,23,17,0,64,10,1022,4.625,28,15,20,116,113,113,0,5,11.6,météo favorable
2018-09-09,27,13,6,14,26,22,0,55,10,1023,13.375,28,15,22,113,113,116,0,5,11.6,météo favorable
2018-09-10,28,15,12,16,27,22,0,50,10,1026,6.625,28,14,23,113,113,113,0,6,11.6,météo idéale
2018-09-11,29,15,5,16,28,22,0,50,10,1027,2.625,32,15,24,113,113,113,0,6,11.6,météo idéale
2018-09-12,30,17,17,18,30,23,4.5,61,9.5,1025,16.75,29,16,23,113,113,200,0,6,11.6,météo favorable
2018-09-13,27,16,13,17,27,21,2,67,9.875,1021,25.5,28,16,21,116,113,116,0,6,11.6,météo idéale
2018-09-14,23,14,15,15,22,19,0.1,69,8,1022,30.625,25,15,19,116,116,116,0,4,11.6,météo favorable
2018-09-15,23,11,15,11,22,17,0,56,10,1024,1.375,24,11,18,113,113,113,0,5,11.6,météo favorable
2018-09-16,26,11,12,12,25,21,0,56,10,1023,19.375,26,13,20,116,113,113,0,5,10.2,météo favorable
2018-09-17,28,14,15,15,27,22,0,54,10,1022,6.125,27,14,22,113,113,113,0,6,11.6,météo favorable
2018-09-18,28,16,17,16,28,22,0,57,10,1020,6.5,28,15,22,113,113,113,0,6,11.6,météo idéale
2018-09-19,29,16,6,17,28,23,0.3,59,10,1022,14.75,30,17,23,113,113,113,0,6,11.6,météo idéale
2018-09-20,29,17,5,17,28,22,0,57,10,1022,9.5,33,16,24,113,113,113,0,6,11.6,météo idéale
2018-09-21,28,13,17,17,28,16,0.3,78,10,1023,23.75,27,13,16,113,116,116,0,5,11.6,météo favorable
2018-09-22,22,9,8,9,20,16,0,54,10,1025,19.5,23,9,16,113,116,116,0,4,11.6,météo favorable
2018-09-23,29,15,10,16,28,23,1.7,58,10,1024,49.125,29,16,23,119,113,116,0,5,11.6,météo favorable
2018-09-24,17,8,31,8,16,12,0.1,68,10,1030,25.5,17,10,8,116,113,113,0,3,11.6,météo correcte
2018-09-25,18,6,10,6,16,12,0,50,10,1032,2.125,20,6,13,113,113,113,0,4,11.6,météo favorable
2018-09-26,23,7,7,7,22,16,0,55,10,1034,0.625,26,10,19,113,113,113,0,4,11.6,météo favorable
2018-09-27,25,10,6,10,24,18,0,53,10,1033,0,27,12,21,113,113,113,0,5,11.6,météo favorable
2018-09-28,24,11,18,11,24,19,0,65,10,1024,3.875,25,12,19,113,113,113,0,5,11.6,météo favorable
2018-09-29,19,10,12,10,17,13,0,76,10,1020,25.75,20,10,12,116,113,113,0,4,10.2,météo favorable
2018-09-30,18,10,12,10,18,13,2.6,83,9.5,1020,28,18,12,14,113,200,113,0,4,10.2,météo correcte
2018-10-01,13,9,27,9,12,10,0.8,78,10,1023,46.375,13,9,7,116,116,116,0,4,8.8,météo correcte
2018-10-02,14,4,20,4,14,10,0,56,10,1026,28.875,14,3,8,116,116,116,0,3,11.6,météo correcte
2018-10-03,19,7,23,9,18,14,0,80,10,1027,55.625,19,11,13,122,116,113,0,3,10.2,météo correcte
2018-10-04,19,10,6,10,17,12,0.1,83,8,1026,36.125,24,12,12,119,113,113,0,3,11.6,météo favorable
2018-10-05,24,10,15,10,24,17,0,55,10,1023,3.75,25,11,18,113,113,113,0,5,11.6,météo favorable
2018-10-06,23,12,26,12,23,18,1.7,63,9.875,1018,9.625,24,12,18,113,113,113,0,5,11.6,météo favorable
2018-10-07,15,11,10,11,15,11,14.4,92,7.5,1018,63.25,15,13,11,122,116,116,0,4,11.6,météo défavorable
2018-10-08,18,11,9,12,17,12,0.3,89,8,1021,61.125,19,12,13,143,119,113,0,3,8.7,météo correcte
2018-10-09,20,9,4,9,18,12,0,74,9,1021,11.25,24,12,14,143,113,113,0,4,11.6,météo favorable
2018-10-10,19,9,13,9,19,15,2,71,9.875,1020,44.75,19,12,15,113,119,122,0,4,8.7,météo correcte
2018-10-11,22,12,23,12,22,17,2.3,78,8.875,1019,27.375,25,13,17,113,113,113,0,4,11.5,météo favorable
2018-10-12,23,14,21,14,23,17,0,81,10,1024,14.5,25,14,17,113,113,113,0,5,11.5,météo favorable
2018-10-13,23,13,22,13,23,17,0,68,8,1024,8.125,25,14,18,143,113,113,0,5,11.1,météo favorable
2018-10-14,22,13,33,13,22,18,0,56,10,1017,9.875,24,11,18,113,113,113,0,5,11,météo favorable
2018-10-15,21,11,6,11,21,17,0.1,58,10,1016,23.125,24,9,17,113,116,116,0,5,11,météo favorable
2018-10-16,22,12,4,12,22,16,0,68,10,1020,21.25,25,11,17,113,113,113,0,5,11,météo favorable
2018-10-17,21,11,10,11,20,15,0,72,10,1020,19,24,11,16,113,113,113,0,5,10.5,météo favorable
2018-10-18,20,10,10,10,18,14,0,75,10,1018,16.875,20,11,16,113,113,113,0,4,10.5,météo favorable
2018-10-19,19,10,9,10,18,13,0,84,9,1022,16.375,20,11,13,143,113,113,0,4,10.5,météo favorable
2018-10-20,17,9,14,9,16,12,0.1,83,7,1027,19.125,18,11,12,143,113,113,0,3,10.4,météo correcte
2018-10-21,15,8,16,8,14,10,0.1,83,8,1026,22.5,16,9,9,116,113,113,0,3,10.4,météo correcte
2018-10-22,14,5,20,5,13,11,0,64,10,1028,2.875,14,8,9,113,113,113,0,3,10.4,météo correcte
2018-10-23,15,4,19,4,14,9,0,73,9,1030,6.625,15,6,8,143,113,113,0,3,10.3,météo correcte
2018-10-24,16,5,24,5,15,11,0,82,10,1029,11.125,16,9,9,113,113,113,0,4,10.3,météo correcte
2018-10-25,14,8,12,9,12,8,0.1,96,8,1024,62.5,14,9,8,119,119,143,0,3,8.4,météo correcte
2018-10-26,16,6,4,6,15,11,0,78,7,1018,44.75,17,8,11,143,113,116,0,3,10.2,météo correcte
2018-10-27,8,4,17,7,7,4,3.7,91,7.75,1011,87.875,9,7,1,143,122,116,0,2,6.7,météo très défavorable
2018-10-28,7,3,13,3,7,5,3.2,93,9.625,1002,96.5,7,4,2,122,122,122,0,1,5.1,météo très défavorable
2018-10-29,5,3,23,4,3,3,19.5,94,5.625,1002,100,5,4,-2,143,122,122,0,1,5.1,météo très défavorable
2018-10-30,7,2,23,2,7,4,2.9,91,8.875,1012,56.375,7,4,-1,122,113,113,0,1,10,météo très défavorable
2018-10-31,13,5,16,7,13,9,1.5,88,8.25,1012,57.875,14,7,6,122,113,116,0,2,10,météo correcte
2018-11-01,11,6,21,7,11,8,3.8,91,8.625,1019,63.625,11,8,7,122,200,113,0,2,10,météo défavorable
2018-11-02,12,6,15,6,12,8,0,90,10,1025,38.375,12,7,5,116,116,116,0,3,10,météo défavorable
2018-11-03,9,5,13,6,9,6,0.3,93,9,1024,66.5,10,6,5,122,122,113,0,2,8.3,météo très défavorable
2018-11-04,12,4,4,4,11,8,0,81,8,1020,35.25,12,6,8,116,113,116,0,2,10,météo très défavorable
2018-11-05,17,6,14,6,17,12,0,87,9,1010,24,17,10,11,143,113,116,0,4,10,météo correcte
2018-11-06,11,8,17,8,10,9,2.4,91,9.75,1011,47.875,12,9,8,116,122,113,0,4,6.6,météo défavorable
2018-11-07,13,9,33,9,13,11,10.4,93,9.25,1018,61,13,10,9,113,122,122,0,4,6.6,météo correcte
2018-11-08,12,6,7,6,11,9,0.5,91,8.875,1022,45,12,9,8,113,116,116,0,2,9.9,météo défavorable
2018-11-09,14,9,8,9,14,10,2.6,89,9.625,1016,46.75,15,10,10,122,116,116,0,4,9.8,météo correcte
2018-11-10,14,10,33,11,13,13,2.5,81,9.125,1012,56.25,14,10,10,122,122,116,0,4,8.3,météo correcte
2018-11-11,17,11,33,11,17,14,1.5,74,10,1016,32.625,17,10,12,119,113,116,0,4,9.8,météo correcte
2018-11-12,19,14,41,15,19,15,0,76,10,1022,19.125,19,11,14,116,116,116,0,5,9.8,météo favorable
2018-11-13,14,8,7,12,12,9,0.5,89,9,1030,48.875,14,10,9,122,119,116,0,4,8.2,météo correcte
2018-11-14,14,7,8,7,14,10,0,91,9,1030,27.5,17,12,10,143,113,113,0,3,9.7,météo correcte
2018-11-15,15,8,7,8,14,10,0,89,7,1026,36.875,16,11,11,143,113,113,0,3,9.7,météo correcte
2018-11-16,10,4,7,6,10,5,0,93,9,1024,14,13,9,6,113,113,113,0,3,9.7,météo très défavorable
2018-11-17,7,2,10,3,7,4,0,88,9,1024,48.875,8,3,4,116,122,116,0,2,6.5,météo très défavorable
2018-11-18,6,-1,7,0,6,1,0,86,6.75,1022,20.125,9,4,2,248,113,113,0,1,9.6,météo très défavorable
2018-11-19,3,-2,8,-1,3,0,0.1,84,7,1015,65,3,0,-2,143,119,119,0.1,1,4.8,météo très défavorable
2018-11-20,6,-1,18,-0,6,3,5.1,92,8.625,1007,63.125,6,3,0,119,116,116,1,2,9.6,météo très défavorable
2018-11-21,7,2,9,2,7,4,3.8,93,7.125,1017,61.75,8,5,3,248,116,116,0,1,9.6,météo très défavorable
2018-11-22,9,1,7,1,9,5,0,90,10,1020,15.375,11,7,5,113,113,113,0,2,9.5,météo très défavorable
2018-11-23,6,3,9,3,6,5,14.8,96,8,1020,63.625,7,5,4,113,122,143,0,2,6.5,météo très défavorable
2018-11-24,10,3,6,3,10,6,0,83,8,1016,28.375,11,5,6,113,116,116,0,2,9.5,météo très défavorable
2018-11-25,6,3,10,3,6,4,3.7,94,9.625,1012,56.125,6,5,3,113,122,119,0,2,4.7,météo très défavorable
2018-11-26,5,2,18,3,5,5,2.3,92,8.75,1013,91,5,4,1,122,122,122,0,2,4.7,météo très défavorable
2018-11-27,6,1,17,4,6,2,1.6,93,7.875,1023,70.625,6,4,1,122,122,113,0,1,8.2,météo très défavorable
2018-11-28,8,1,3,2,8,4,0,88,10,1023,36.125,8,4,5,116,116,113,0,2,8.7,météo très défavorable
2018-11-29,12,4,27,4,12,8,0,77,10,1023,24,13,5,4,116,113,113,0,3,8.7,météo très défavorable
2018-11-30,7,5,6,6,7,5,3.1,95,8.75,1020,87.5,7,6,5,122,122,143,0,3,3.2,météo très défavorable
2018-12-01,9,4,9,4,9,6,0.4,88,8,1021,58.5,9,5,4,143,116,116,0,2,5.8,météo très défavorable
2018-12-02,10,7,23,7,10,9,12.9,91,8.25,1018,93.5,10,8,5,122,119,122,0,2,2.1,météo défavorable
2018-12-03,15,9,16,9,15,11,3.7,90,9.5,1018,61.875,15,11,10,116,200,200,0,3,4,météo correcte
2018-12-04,13,7,8,8,13,8,0.7,92,9,1026,46.125,13,9,8,119,116,113,0,2,5.8,météo correcte
2018-12-05,11,4,7,4,11,8,0,87,7,1026,42.75,11,6,7,143,116,116,0,2,5.8,météo très défavorable
2018-12-06,11,8,4,8,11,9,1.8,93,8.875,1026,84.5,12,10,10,116,122,122,0,2,2.1,météo défavorable
2018-12-07,13,8,17,8,13,10,1.8,89,8.875,1026,44.75,13,8,8,143,113,122,0,2,5.8,météo correcte
2018-12-08,8,4,17,4,8,7,0.9,81,9.375,1025,71,8,5,4,122,122,122,0,3,2.1,météo très défavorable
2018-12-09,10,7,19,9,10,7,1.2,79,9.875,1024,53.375,10,7,6,116,116,116,0,3,5.8,météo défavorable
2018-12-10,8,4,18,5,8,5,1.5,91,9.875,1029,60.875,8,5,3,119,116,116,0,2,5.8,météo très défavorable
2018-12-11,6,0,16,3,6,1,0,91,7,1028,35.375,6,3,-1,143,113,113,0,1,5.8,météo très défavorable
2018-12-12,2,-2,4,-1,1,-2,0,87,10,1024,28.875,3,0,-0,116,119,113,0,2,4,météo très défavorable
2018-12-13,2,-4,7,-4,1,-2,0,62,10,1017,24.375,2,0,-2,113,113,116,0,2,5.8,météo très défavorable
2018-12-14,1,-4,10,-3,1,-3,0,89,10,1023,15.875,3,0,-6,113,113,113,0,1,5.8,météo très défavorable
2018-12-15,1,-4,5,-4,1,-0,1.3,79,9.875,1024,53.75,2,0,-2,116,119,122,0,2,2.1,météo très défavorable
2018-12-16,5,1,5,3,5,3,0.9,96,5,1017,77.25,6,5,2,143,119,143,0,1,4,météo très défavorable
2018-12-17,8,2,7,3,8,3,2.2,92,8.875,1031,49.75,8,4,4,116,116,116,0,1,5.8,météo très défavorable
2018-12-18,8,0,23,0,8,6,0,83,9,1030,27.5,8,3,2,143,113,116,0,2,5.8,météo très défavorable
2018-12-19,8,4,8,7,6,4,6,97,6.125,1020,82.625,8,6,4,122,248,143,0,2,2.1,météo très défavorable
2018-12-20,8,2,15,2,8,4,0.1,87,10,1027,41.75,8,4,2,113,122,116,0,2,4,météo très défavorable
2018-12-21,10,4,24,6,8,8,13.4,89,8.25,1026,76.25,10,7,3,116,302,119,0,3,2.1,météo très défavorable
2018-12-22,13,8,7,8,13,10,0.8,89,10,1029,71,14,10,10,116,119,122,0,3,4,météo défavorable
2018-12-23,13,8,7,8,13,10,0.1,89,10,1029,67.125,13,9,9,116,116,122,0,2,3.3,météo défavorable
2018-12-24,11,4,17,8,11,5,0.3,92,9.375,1032,71.25,11,9,2,122,122,116,0,3,5.1,météo très défavorable
2018-12-25,5,-1,6,0,5,-0,0,88,9,1035,14.125,7,3,1,143,113,113,0,2,8.7,météo très défavorable
2018-12-26,4,-2,3,-2,4,-1,0,75,10,1034,14.375,5,0,0,116,113,113,0,2,8.7,météo très défavorable
2018-12-27,5,-2,4,-2,5,-0,0,55,10,1030,20.375,5,0,0,113,113,116,0,2,8.7,météo très défavorable
2018-12-28,4,-2,9,-2,3,1,0,95,9,1032,49.625,4,1,-1,113,116,143,0,2,5.1,météo très défavorable
2018-12-29,2,-2,14,-0,2,-2,0.2,94,10,1036,61,2,0,-3,122,119,116,0,1,6.9,météo très défavorable
2018-12-30,4,-2,18,-2,4,0,0,94,8,1037,28.875,4,1,-3,116,113,143,0,2,8.7,météo très défavorable
2018-12-31,6,-1,15,-1,6,4,0.1,95,7,1036,58.5,6,3,-2,113,119,143,0,1,3.3,météo très défavorable
